Id,Date,Start (ET),Visitor,VisitorPTS,Home,HomePTS,OT,Attendance
0,10/16/2018,8:00p,PHI,87,BOS,105,0,18624
1,10/16/2018,10:30p,OKC,100,GSW,108,0,19596
2,10/17/2018,7:00p,MIL,113,CHA,112,0,17889
3,10/17/2018,7:00p,BKN,100,DET,103,0,20332
4,10/17/2018,7:00p,MEM,83,IND,111,0,17923
5,10/17/2018,7:00p,MIA,101,ORL,104,0,19191
6,10/17/2018,7:30p,ATL,107,NYK,126,0,18249
7,10/17/2018,7:30p,CLE,104,TOR,116,0,19915
8,10/17/2018,8:00p,NOP,131,HOU,112,0,18055
9,10/17/2018,8:30p,MIN,108,SAS,112,0,18354
10,10/17/2018,10:00p,UTA,123,SAC,117,0,17583
11,10/17/2018,10:30p,DEN,107,LAC,98,0,19068
12,10/17/2018,10:30p,DAL,100,PHX,121,0,18055
13,10/18/2018,8:00p,CHI,108,PHI,127,0,20302
14,10/18/2018,8:00p,MIA,113,WAS,112,0,20409
15,10/18/2018,10:30p,LAL,119,POR,128,0,19996
16,10/19/2018,7:00p,CHA,120,ORL,88,0,17668
17,10/19/2018,7:30p,NYK,105,BKN,107,0,17732
18,10/19/2018,8:00p,ATL,117,MEM,131,0,17019
19,10/19/2018,8:00p,CLE,123,MIN,131,0,18978
20,10/19/2018,8:00p,SAC,129,NOP,149,0,18337
21,10/19/2018,8:00p,BOS,101,TOR,113,0,19800
22,10/19/2018,8:30p,IND,101,MIL,118,0,17341
23,10/19/2018,10:30p,OKC,92,LAC,108,0,14816
24,10/19/2018,10:30p,GSW,124,UTA,123,0,18306
25,10/20/2018,7:00p,BKN,112,IND,132,0,17007
26,10/20/2018,7:00p,TOR,117,WAS,113,0,16185
27,10/20/2018,7:30p,BOS,103,NYK,101,0,19427
28,10/20/2018,7:30p,ORL,115,PHI,116,0,20300
29,10/20/2018,8:00p,DET,118,CHI,116,0,21289
30,10/20/2018,8:00p,CHA,113,MIA,112,0,19600
31,10/20/2018,8:30p,MIN,136,DAL,140,0,20205
32,10/20/2018,9:00p,PHX,91,DEN,119,0,19592
33,10/20/2018,10:00p,SAS,108,POR,121,0,19461
34,10/20/2018,10:30p,HOU,124,LAL,115,0,18997
35,10/21/2018,6:00p,ATL,133,CLE,111,0,19432
36,10/21/2018,7:00p,SAC,131,OKC,120,0,18203
37,10/21/2018,8:00p,GSW,98,DEN,100,0,19520
38,10/21/2018,9:00p,HOU,112,LAC,115,0,16149
39,10/22/2018,7:30p,ORL,93,BOS,90,0,18624
40,10/22/2018,7:30p,CHA,106,TOR,127,0,19800
41,10/22/2018,8:00p,NYK,113,MIL,124,0,16228
42,10/22/2018,8:00p,IND,91,MIN,101,0,10371
43,10/22/2018,8:30p,CHI,109,DAL,115,0,19291
44,10/22/2018,9:00p,MEM,92,UTA,84,0,18306
45,10/22/2018,10:00p,WAS,125,POR,124,1,19187
46,10/22/2018,10:30p,PHX,103,GSW,123,0,19596
47,10/22/2018,10:30p,SAS,143,LAL,142,1,18997
48,10/23/2018,7:00p,PHI,132,DET,133,1,14418
49,10/23/2018,8:00p,LAC,109,NOP,116,0,14625
50,10/23/2018,9:00p,SAC,112,DEN,126,0,13214
51,10/24/2018,7:00p,DAL,104,ATL,111,0,16705
52,10/24/2018,7:00p,BKN,102,CLE,86,0,19432
53,10/24/2018,7:30p,NYK,87,MIA,110,0,19600
54,10/24/2018,7:30p,MIN,105,TOR,112,0,19800
55,10/24/2018,8:00p,CHA,110,CHI,112,0,19170
56,10/24/2018,8:00p,UTA,100,HOU,89,0,18055
57,10/24/2018,8:30p,IND,116,SAS,96,0,18354
58,10/24/2018,9:30p,PHI,108,MIL,123,0,17341
59,10/24/2018,10:00p,LAL,131,PHX,113,0,18055
60,10/24/2018,10:00p,MEM,92,SAC,97,0,14198
61,10/24/2018,10:30p,WAS,122,GSW,144,0,19596
62,10/25/2018,7:00p,CLE,103,DET,110,0,15896
63,10/25/2018,7:00p,POR,128,ORL,114,0,15114
64,10/25/2018,8:00p,BOS,101,OKC,95,0,18203
65,10/25/2018,10:30p,DEN,114,LAL,121,0,18997
66,10/26/2018,7:00p,CHI,106,CHA,135,0,15220
67,10/26/2018,7:30p,GSW,128,NYK,100,0,19812
68,10/26/2018,7:30p,DAL,107,TOR,116,0,19800
69,10/26/2018,8:00p,LAC,133,HOU,113,0,18055
70,10/26/2018,8:00p,MIL,125,MIN,95,0,16334
71,10/26/2018,8:00p,BKN,115,NOP,117,0,15272
72,10/26/2018,10:00p,WAS,112,SAC,116,0,14101
73,10/27/2018,7:00p,BOS,109,DET,89,0,18120
74,10/27/2018,7:00p,UTA,132,NOP,111,0,16373
75,10/27/2018,7:30p,CHI,97,ATL,85,0,15549
76,10/27/2018,7:30p,IND,119,CLE,107,0,19432
77,10/27/2018,7:30p,CHA,103,PHI,105,0,20203
78,10/27/2018,8:00p,PHX,96,MEM,117,0,15926
79,10/27/2018,8:00p,POR,111,MIA,120,0,19600
80,10/27/2018,8:30p,ORL,91,MIL,113,0,17341
81,10/27/2018,8:30p,LAL,106,SAS,110,0,18589
82,10/28/2018,5:00p,GSW,120,BKN,114,0,17732
83,10/28/2018,7:00p,UTA,113,DAL,104,0,19571
84,10/28/2018,7:00p,PHX,110,OKC,117,0,18203
85,10/28/2018,9:30p,WAS,104,LAC,136,0,16491
86,10/29/2018,7:00p,POR,103,IND,93,0,15788
87,10/29/2018,7:00p,ATL,92,PHI,113,0,20269
88,10/29/2018,7:30p,SAC,123,MIA,113,0,19600
89,10/29/2018,7:30p,BKN,96,NYK,115,0,19221
90,10/29/2018,8:00p,GSW,149,CHI,124,0,21076
91,10/29/2018,8:00p,TOR,109,MIL,124,0,17341
92,10/29/2018,8:00p,LAL,120,MIN,124,0,18978
93,10/29/2018,8:30p,DAL,108,SAS,113,1,18354
94,10/29/2018,9:00p,NOP,111,DEN,116,0,15217
95,10/30/2018,7:00p,MIA,113,CHA,125,0,14117
96,10/30/2018,7:00p,ATL,114,CLE,136,0,19432
97,10/30/2018,7:00p,SAC,107,ORL,99,0,15074
98,10/30/2018,7:30p,DET,105,BOS,108,0,18624
99,10/30/2018,7:30p,PHI,112,TOR,129,0,19800
100,10/30/2018,8:00p,POR,104,HOU,85,0,18055
101,10/30/2018,8:00p,WAS,95,MEM,107,0,14106
102,10/30/2018,8:00p,LAC,110,OKC,128,0,18203
103,10/31/2018,7:30p,DET,119,BKN,120,1,12862
104,10/31/2018,8:00p,DEN,108,CHI,107,1,19027
105,10/31/2018,8:00p,UTA,125,MIN,128,0,10079
106,10/31/2018,8:00p,IND,107,NYK,101,0,18295
107,10/31/2018,10:30p,NOP,121,GSW,131,0,19596
108,10/31/2018,10:30p,DAL,113,LAL,114,0,18997
109,10/31/2018,10:30p,SAS,120,PHX,90,0,12328
110,11/1/2018,7:00p,OKC,111,CHA,107,0,14583
111,11/1/2018,7:00p,DEN,110,CLE,91,0,19432
112,11/1/2018,7:00p,LAC,113,PHI,122,0,20246
113,11/1/2018,7:30p,SAC,146,ATL,115,0,12095
114,11/1/2018,8:00p,MIL,113,BOS,117,0,18624
115,11/1/2018,10:30p,NOP,119,POR,132,0,18921
116,11/2/2018,7:00p,LAC,120,ORL,95,0,15953
117,11/2/2018,7:30p,HOU,119,BKN,111,0,14013
118,11/2/2018,8:00p,IND,107,CHI,105,0,19704
119,11/2/2018,8:00p,OKC,134,WAS,111,0,20409
120,11/2/2018,8:30p,NYK,118,DAL,106,0,20008
121,11/2/2018,9:00p,MEM,110,UTA,100,0,18306
122,11/2/2018,10:00p,TOR,107,PHX,98,0,15843
123,11/2/2018,10:30p,MIN,99,GSW,116,0,19596
124,11/3/2018,1:00p,DET,99,PHI,109,0,20289
125,11/3/2018,7:00p,CLE,94,CHA,126,0,16221
126,11/3/2018,7:00p,BOS,101,IND,102,0,17505
127,11/3/2018,7:30p,MIA,118,ATL,123,0,16303
128,11/3/2018,8:00p,HOU,96,CHI,88,0,20505
129,11/3/2018,8:30p,NOP,95,SAS,109,0,18354
130,11/3/2018,9:00p,UTA,88,DEN,103,0,19520
131,11/3/2018,10:00p,LAL,114,POR,110,0,19848
132,11/4/2018,3:30p,SAC,109,MIL,144,0,17341
133,11/4/2018,6:00p,PHI,97,BKN,122,0,12826
134,11/4/2018,6:00p,NYK,95,WAS,108,0,16679
135,11/4/2018,7:00p,ORL,117,SAS,110,0,18354
136,11/4/2018,8:00p,MEM,100,PHX,102,0,13074
137,11/4/2018,9:00p,MIN,81,POR,111,0,19522
138,11/4/2018,9:30p,TOR,121,LAL,107,0,18997
139,11/5/2018,7:00p,MIA,120,DET,115,1,14148
140,11/5/2018,7:00p,HOU,98,IND,94,0,14735
141,11/5/2018,7:00p,CLE,100,ORL,102,0,15009
142,11/5/2018,7:30p,CHI,116,NYK,115,2,19812
143,11/5/2018,8:00p,NOP,116,OKC,122,0,18203
144,11/5/2018,9:00p,BOS,107,DEN,115,0,19520
145,11/5/2018,9:00p,TOR,124,UTA,111,0,18306
146,11/5/2018,10:30p,MEM,101,GSW,117,0,19596
147,11/5/2018,10:30p,MIN,109,LAC,120,0,16564
148,11/6/2018,7:00p,ATL,102,CHA,113,0,13955
149,11/6/2018,8:30p,WAS,100,DAL,119,0,19234
150,11/6/2018,9:00p,BKN,104,PHX,82,0,14205
151,11/6/2018,10:00p,MIL,103,POR,118,0,19512
152,11/7/2018,7:00p,OKC,95,CLE,86,0,19432
153,11/7/2018,7:00p,DET,103,ORL,96,0,16103
154,11/7/2018,7:30p,NYK,112,ATL,107,0,12412
155,11/7/2018,7:30p,SAS,88,MIA,95,0,19600
156,11/7/2018,8:00p,PHI,100,IND,94,0,16434
157,11/7/2018,8:00p,DEN,87,MEM,89,0,15832
158,11/7/2018,8:00p,CHI,98,NOP,107,0,15514
159,11/7/2018,9:00p,DAL,102,UTA,117,0,18306
160,11/7/2018,10:00p,TOR,114,SAC,105,0,17583
161,11/7/2018,10:30p,MIN,110,LAL,114,0,18997
162,11/8/2018,8:00p,HOU,80,OKC,98,0,18203
163,11/8/2018,9:00p,BOS,116,PHX,109,1,17359
164,11/8/2018,10:00p,LAC,105,POR,116,0,19170
165,11/8/2018,10:30p,MIL,134,GSW,111,0,19596
166,11/9/2018,7:00p,WAS,108,ORL,117,0,16562
167,11/9/2018,7:00p,CHA,132,PHI,133,1,20424
168,11/9/2018,7:30p,DET,124,ATL,109,0,14759
169,11/9/2018,8:00p,IND,110,MIA,102,0,19600
170,11/9/2018,9:00p,BKN,112,DEN,110,0,19520
171,11/9/2018,9:30p,BOS,115,UTA,123,0,18306
172,11/9/2018,10:00p,MIN,110,SAC,121,0,17583
173,11/10/2018,3:00p,NYK,112,TOR,128,0,19800
174,11/10/2018,3:30p,MIL,126,LAC,128,1,17486
175,11/10/2018,7:00p,PHX,99,NOP,119,0,15222
176,11/10/2018,8:00p,CLE,98,CHI,99,0,21506
177,11/10/2018,8:00p,PHI,106,MEM,112,1,16904
178,11/10/2018,8:00p,WAS,116,MIA,110,0,19600
179,11/10/2018,8:30p,BKN,100,GSW,116,0,19596
180,11/10/2018,8:30p,HOU,89,SAS,96,0,18354
181,11/10/2018,9:00p,OKC,96,DAL,111,0,19818
182,11/10/2018,10:00p,LAL,101,SAC,86,0,17583
183,11/11/2018,3:30p,CHA,113,DET,103,0,15133
184,11/11/2018,7:00p,IND,103,HOU,115,0,18055
185,11/11/2018,7:30p,ORL,115,NYK,89,0,19812
186,11/11/2018,8:00p,MIL,121,DEN,114,0,19520
187,11/11/2018,9:00p,BOS,94,POR,100,0,19712
188,11/11/2018,9:30p,ATL,106,LAL,107,0,18997
189,11/12/2018,7:00p,ORL,109,WAS,117,0,15346
190,11/12/2018,7:30p,PHI,124,MIA,114,0,19600
191,11/12/2018,7:30p,NOP,126,TOR,110,0,19800
192,11/12/2018,8:00p,DAL,103,CHI,98,0,19012
193,11/12/2018,8:00p,UTA,96,MEM,88,0,13477
194,11/12/2018,8:00p,BKN,113,MIN,120,0,10186
195,11/12/2018,8:00p,PHX,101,OKC,118,0,18203
196,11/12/2018,10:00p,SAS,99,SAC,104,0,15500
197,11/12/2018,10:30p,GSW,116,LAC,121,1,19068
198,11/13/2018,7:00p,CHA,89,CLE,113,0,19432
199,11/13/2018,9:00p,HOU,109,DEN,99,0,16741
200,11/13/2018,10:30p,ATL,103,GSW,110,0,19596
201,11/14/2018,7:00p,PHI,106,ORL,111,0,15921
202,11/14/2018,7:00p,CLE,95,WAS,119,0,14537
203,11/14/2018,7:30p,CHI,82,BOS,111,0,18624
204,11/14/2018,7:30p,MIA,120,BKN,107,0,13317
205,11/14/2018,7:30p,DET,106,TOR,104,0,19800
206,11/14/2018,8:00p,MEM,116,MIL,113,0,16817
207,11/14/2018,8:00p,NOP,100,MIN,107,0,11636
208,11/14/2018,8:00p,NYK,103,OKC,128,0,18203
209,11/14/2018,8:30p,UTA,68,DAL,118,0,19371
210,11/14/2018,9:00p,SAS,96,PHX,116,0,14532
211,11/14/2018,10:30p,POR,117,LAL,126,0,18997
212,11/15/2018,8:00p,GSW,86,HOU,107,0,18055
213,11/15/2018,9:00p,ATL,93,DEN,138,0,15103
214,11/15/2018,10:30p,SAS,111,LAC,116,0,17463
215,11/16/2018,7:00p,TOR,116,BOS,123,1,18624
216,11/16/2018,7:00p,MIA,91,IND,99,0,17923
217,11/16/2018,7:00p,UTA,107,PHI,113,0,20485
218,11/16/2018,7:00p,BKN,115,WAS,104,0,15102
219,11/16/2018,8:00p,SAC,104,MEM,112,0,13811
220,11/16/2018,8:00p,POR,96,MIN,112,0,18978
221,11/16/2018,8:00p,NYK,124,NOP,129,0,14717
222,11/16/2018,9:30p,CHI,104,MIL,123,0,17341
223,11/17/2018,6:00p,LAC,127,BKN,119,0,12944
224,11/17/2018,7:00p,PHI,122,CHA,119,1,19426
225,11/17/2018,7:00p,ATL,89,IND,97,0,17491
226,11/17/2018,7:00p,DEN,115,NOP,125,0,15408
227,11/17/2018,7:00p,LAL,117,ORL,130,0,19249
228,11/17/2018,7:30p,UTA,98,BOS,86,0,18624
229,11/17/2018,8:00p,TOR,122,CHI,83,0,21263
230,11/17/2018,8:00p,SAC,112,HOU,132,0,18055
231,11/17/2018,8:30p,GSW,109,DAL,112,0,20260
232,11/17/2018,9:00p,OKC,110,PHX,100,0,16376
233,11/18/2018,3:30p,MEM,100,MIN,87,0,13179
234,11/18/2018,6:00p,LAL,113,MIA,97,0,19686
235,11/18/2018,6:00p,NYK,117,ORL,131,0,15898
236,11/18/2018,6:00p,POR,119,WAS,109,0,16647
237,11/18/2018,7:00p,GSW,92,SAS,104,0,18354
238,11/19/2018,7:00p,BOS,112,CHA,117,0,18040
239,11/19/2018,7:00p,CLE,102,DET,113,0,15769
240,11/19/2018,7:00p,UTA,94,IND,121,0,17000
241,11/19/2018,7:00p,PHX,114,PHI,119,0,20459
242,11/19/2018,7:30p,LAC,127,ATL,119,0,14323
243,11/19/2018,8:00p,DAL,88,MEM,98,0,15997
244,11/19/2018,8:00p,DEN,98,MIL,104,0,17341
245,11/19/2018,8:00p,SAS,126,NOP,140,0,14675
246,11/19/2018,10:00p,OKC,113,SAC,117,0,16250
247,11/20/2018,7:00p,TOR,93,ORL,91,0,16016
248,11/20/2018,7:00p,LAC,118,WAS,125,0,14499
249,11/20/2018,7:30p,BKN,104,MIA,92,0,19600
250,11/20/2018,7:30p,POR,118,NYK,114,0,19812
251,11/21/2018,7:00p,IND,109,CHA,127,0,15913
252,11/21/2018,7:00p,NOP,120,PHI,121,0,20352
253,11/21/2018,7:30p,TOR,124,ATL,108,0,15058
254,11/21/2018,7:30p,NYK,117,BOS,109,0,18624
255,11/21/2018,8:00p,PHX,116,CHI,124,0,19014
256,11/21/2018,8:00p,LAL,109,CLE,105,0,19432
257,11/21/2018,8:00p,DET,124,HOU,126,0,18055
258,11/21/2018,8:00p,POR,100,MIL,143,0,17591
259,11/21/2018,8:00p,DEN,103,MIN,101,0,15086
260,11/21/2018,8:30p,BKN,113,DAL,119,0,19926
261,11/21/2018,8:30p,MEM,104,SAS,103,0,18354
262,11/21/2018,9:00p,SAC,119,UTA,110,0,18306
263,11/21/2018,10:30p,OKC,123,GSW,95,0,19596
264,11/23/2018,12:00p,MIN,112,BKN,102,0,12814
265,11/23/2018,3:30p,MEM,107,LAC,112,1,15418
266,11/23/2018,7:00p,HOU,111,DET,116,1,17268
267,11/23/2018,7:30p,BOS,114,ATL,96,0,15017
268,11/23/2018,7:30p,NOP,109,NYK,114,0,18948
269,11/23/2018,7:30p,CLE,121,PHI,112,0,20524
270,11/23/2018,7:30p,WAS,107,TOR,125,0,19800
271,11/23/2018,8:00p,MIA,103,CHI,96,0,20935
272,11/23/2018,8:00p,SAS,111,IND,100,0,17262
273,11/23/2018,8:00p,CHA,104,OKC,109,0,18203
274,11/23/2018,8:30p,PHX,116,MIL,114,0,17852
275,11/23/2018,9:00p,ORL,87,DEN,112,0,19520
276,11/23/2018,10:30p,POR,97,GSW,125,0,19596
277,11/23/2018,10:30p,UTA,83,LAL,90,0,18997
278,11/24/2018,7:30p,HOU,108,CLE,117,0,19432
279,11/24/2018,8:00p,CHI,96,MIN,111,0,17119
280,11/24/2018,8:00p,DEN,105,OKC,98,0,18203
281,11/24/2018,8:00p,NOP,114,WAS,124,0,15165
282,11/24/2018,8:30p,BOS,104,DAL,113,0,20226
283,11/24/2018,8:30p,SAC,116,GSW,117,0,19596
284,11/24/2018,8:30p,SAS,129,MIL,135,0,17559
285,11/25/2018,3:30p,ORL,108,LAL,104,0,18997
286,11/25/2018,4:00p,PHX,107,DET,118,0,14413
287,11/25/2018,6:00p,CHA,123,ATL,124,0,12977
288,11/25/2018,6:00p,PHI,127,BKN,125,0,15217
289,11/25/2018,6:00p,NYK,103,MEM,98,0,14331
290,11/25/2018,6:00p,MIA,115,TOR,125,0,19800
291,11/25/2018,8:00p,UTA,133,SAC,112,0,16048
292,11/25/2018,9:00p,LAC,104,POR,100,0,19138
293,11/26/2018,7:00p,MIL,107,CHA,110,0,13805
294,11/26/2018,7:00p,MIN,102,CLE,95,0,19432
295,11/26/2018,7:00p,HOU,131,WAS,135,1,16872
296,11/26/2018,8:00p,SAS,108,CHI,107,0,19006
297,11/26/2018,8:00p,BOS,124,NOP,107,0,15189
298,11/26/2018,9:00p,IND,121,UTA,88,0,18306
299,11/26/2018,10:30p,ORL,110,GSW,116,0,19596
300,11/27/2018,7:00p,NYK,108,DET,115,0,13935
301,11/27/2018,7:30p,ATL,115,MIA,113,0,19600
302,11/27/2018,8:00p,TOR,122,MEM,114,0,14187
303,11/27/2018,9:00p,LAL,85,DEN,117,0,19583
304,11/27/2018,9:00p,IND,109,PHX,104,0,13038
305,11/28/2018,7:00p,ATL,94,CHA,108,0,12971
306,11/28/2018,7:00p,NYK,91,PHI,117,0,20274
307,11/28/2018,7:30p,UTA,101,BKN,91,0,12928
308,11/28/2018,8:00p,DAL,128,HOU,108,0,18055
309,11/28/2018,8:00p,CHI,113,MIL,116,0,16660
310,11/28/2018,8:00p,SAS,89,MIN,128,0,11023
311,11/28/2018,8:00p,WAS,104,NOP,125,0,13570
312,11/28/2018,8:00p,CLE,83,OKC,100,0,18203
313,11/28/2018,10:00p,ORL,112,POR,115,0,18865
314,11/28/2018,10:30p,PHX,99,LAC,115,0,16372
315,11/29/2018,8:00p,GSW,128,TOR,131,1,20073
316,11/29/2018,10:30p,IND,96,LAL,104,0,18997
317,11/29/2018,10:30p,LAC,133,SAC,121,0,17583
318,11/30/2018,7:00p,CLE,95,BOS,128,0,18624
319,11/30/2018,7:00p,UTA,119,CHA,111,0,15812
320,11/30/2018,7:00p,CHI,88,DET,107,0,15372
321,11/30/2018,7:00p,WAS,98,PHI,123,0,20400
322,11/30/2018,7:30p,MEM,131,BKN,125,2,12983
323,11/30/2018,8:00p,NOP,101,MIA,106,0,19600
324,11/30/2018,8:00p,ATL,109,OKC,124,0,18203
325,11/30/2018,8:00p,HOU,136,SAS,105,0,18354
326,11/30/2018,9:00p,ORL,99,PHX,85,0,13228
327,11/30/2018,10:30p,DAL,103,LAL,114,0,18997
328,11/30/2018,10:30p,DEN,113,POR,112,0,19459
329,12/1/2018,5:00p,MIL,134,NYK,136,1,19812
330,12/1/2018,7:00p,GSW,102,DET,111,0,20332
331,12/1/2018,7:00p,BKN,88,WAS,102,0,15448
332,12/1/2018,8:00p,TOR,106,CLE,95,0,19432
333,12/1/2018,8:00p,CHI,105,HOU,121,0,18055
334,12/1/2018,8:00p,BOS,118,MIN,109,0,17663
335,12/1/2018,10:00p,IND,110,SAC,111,0,17583
336,12/2/2018,3:30p,PHX,96,LAL,120,0,18997
337,12/2/2018,5:00p,NOP,119,CHA,109,0,15336
338,12/2/2018,6:00p,UTA,100,MIA,102,0,19600
339,12/2/2018,6:00p,MEM,95,PHI,103,0,20334
340,12/2/2018,7:00p,LAC,110,DAL,114,0,19551
341,12/2/2018,7:00p,POR,118,SAS,131,0,18354
342,12/3/2018,7:00p,OKC,110,DET,83,0,14372
343,12/3/2018,7:30p,GSW,128,ATL,111,0,16631
344,12/3/2018,7:30p,CLE,99,BKN,97,0,10983
345,12/3/2018,7:30p,WAS,110,NYK,107,0,19440
346,12/3/2018,7:30p,DEN,106,TOR,103,0,19800
347,12/3/2018,8:00p,HOU,91,MIN,103,0,13834
348,12/3/2018,8:00p,LAC,129,NOP,126,0,13822
349,12/4/2018,7:00p,CHI,90,IND,96,0,16446
350,12/4/2018,7:30p,ORL,105,MIA,90,0,19600
351,12/4/2018,8:30p,POR,102,DAL,111,0,19341
352,12/4/2018,9:00p,SAC,122,PHX,105,0,12977
353,12/4/2018,9:00p,SAS,105,UTA,139,0,18306
354,12/5/2018,7:00p,GSW,129,CLE,105,0,19432
355,12/5/2018,7:00p,DEN,124,ORL,118,1,16636
356,12/5/2018,7:30p,WAS,131,ATL,117,0,12551
357,12/5/2018,7:30p,OKC,114,BKN,112,0,13161
358,12/5/2018,8:00p,LAC,86,MEM,96,0,14144
359,12/5/2018,8:00p,DET,92,MIL,115,0,16541
360,12/5/2018,8:00p,CHA,104,MIN,121,0,11248
361,12/5/2018,8:00p,DAL,106,NOP,132,0,14810
362,12/5/2018,8:00p,PHI,102,TOR,113,0,19800
363,12/5/2018,10:30p,SAS,113,LAL,121,0,18997
364,12/6/2018,8:00p,NYK,100,BOS,128,0,18624
365,12/6/2018,10:00p,PHX,86,POR,108,0,19001
366,12/6/2018,10:30p,HOU,91,UTA,118,0,18306
367,12/7/2018,7:00p,DEN,107,CHA,113,0,13755
368,12/7/2018,7:00p,PHI,117,DET,111,0,15680
369,12/7/2018,7:00p,IND,112,ORL,90,0,17214
370,12/7/2018,7:30p,TOR,105,BKN,106,1,14035
371,12/7/2018,7:30p,SAC,129,CLE,110,0,19432
372,12/7/2018,8:00p,OKC,112,CHI,114,0,19842
373,12/7/2018,8:00p,MEM,107,NOP,103,0,18447
374,12/7/2018,8:30p,LAL,120,SAS,133,0,18354
375,12/7/2018,9:00p,MIA,115,PHX,98,0,14273
376,12/7/2018,9:30p,GSW,105,MIL,95,0,17852
377,12/8/2018,6:00p,HOU,104,DAL,107,0,20254
378,12/8/2018,7:00p,SAC,97,IND,107,0,16867
379,12/8/2018,7:30p,DEN,98,ATL,106,0,14409
380,12/8/2018,7:30p,WAS,101,CLE,116,0,19432
381,12/8/2018,7:30p,BKN,112,NYK,104,0,18662
382,12/8/2018,8:00p,BOS,133,CHI,77,0,20923
383,12/8/2018,8:00p,LAL,111,MEM,88,0,17794
384,12/8/2018,10:00p,MIN,105,POR,113,0,19359
385,12/8/2018,10:30p,MIA,121,LAC,98,0,17113
386,12/9/2018,3:30p,NOP,116,DET,108,0,14705
387,12/9/2018,6:00p,MIL,104,TOR,99,0,19800
388,12/9/2018,7:00p,UTA,97,SAS,110,0,17834
389,12/9/2018,7:30p,CHA,119,NYK,107,0,18602
390,12/10/2018,7:00p,WAS,101,IND,109,0,14645
391,12/10/2018,7:00p,DET,102,PHI,116,0,20199
392,12/10/2018,7:30p,NOP,100,BOS,113,0,18624
393,12/10/2018,8:00p,SAC,108,CHI,89,0,18164
394,12/10/2018,8:00p,CLE,92,MIL,108,0,17155
395,12/10/2018,8:00p,UTA,113,OKC,122,0,18203
396,12/10/2018,8:30p,ORL,76,DAL,101,0,19334
397,12/10/2018,9:00p,MEM,99,DEN,105,0,15278
398,12/10/2018,9:00p,LAC,123,PHX,119,1,12088
399,12/10/2018,10:30p,MIN,108,GSW,116,0,19596
400,12/10/2018,10:30p,MIA,105,LAL,108,0,18997
401,12/11/2018,8:00p,POR,104,HOU,111,0,18055
402,12/11/2018,8:30p,PHX,86,SAS,111,0,17676
403,12/11/2018,10:30p,TOR,123,LAC,99,0,17812
404,12/12/2018,7:00p,DET,107,CHA,108,0,13997
405,12/12/2018,7:00p,NYK,106,CLE,113,0,19432
406,12/12/2018,7:00p,MIL,97,IND,113,0,17070
407,12/12/2018,7:00p,BKN,127,PHI,124,0,20376
408,12/12/2018,7:00p,BOS,130,WAS,125,1,20409
409,12/12/2018,8:00p,POR,83,MEM,92,0,16282
410,12/12/2018,8:00p,OKC,114,NOP,118,0,14450
411,12/12/2018,8:30p,ATL,107,DAL,114,0,19643
412,12/12/2018,9:00p,MIA,84,UTA,111,0,18306
413,12/12/2018,10:00p,MIN,130,SAC,141,0,15770
414,12/12/2018,10:30p,TOR,113,GSW,93,0,19596
415,12/13/2018,8:00p,LAL,111,HOU,126,0,18055
416,12/13/2018,8:30p,LAC,87,SAS,125,0,18354
417,12/13/2018,9:30p,CHI,91,ORL,97,0,20201
418,12/13/2018,10:30p,DAL,89,PHX,99,0,13265
419,12/14/2018,7:00p,ATL,108,BOS,129,0,18624
420,12/14/2018,7:00p,NYK,126,CHA,124,1,17622
421,12/14/2018,7:30p,WAS,118,BKN,125,0,13232
422,12/14/2018,7:30p,MIL,114,CLE,102,0,19432
423,12/14/2018,7:30p,IND,113,PHI,101,0,20337
424,12/14/2018,8:00p,MIA,100,MEM,97,0,16313
425,12/14/2018,10:00p,OKC,98,DEN,109,0,19520
426,12/14/2018,10:00p,TOR,122,POR,128,0,19458
427,12/14/2018,10:00p,GSW,130,SAC,125,0,17583
428,12/15/2018,5:00p,UTA,89,ORL,96,0,20011
429,12/15/2018,7:00p,LAL,128,CHA,100,0,19641
430,12/15/2018,7:00p,BOS,104,DET,113,0,17078
431,12/15/2018,8:00p,HOU,105,MEM,97,0,16777
432,12/15/2018,8:30p,CHI,98,SAS,93,0,18354
433,12/15/2018,9:00p,LAC,104,OKC,110,0,18203
434,12/15/2018,9:00p,MIN,99,PHX,107,0,14244
435,12/16/2018,3:00p,ATL,127,BKN,144,0,13955
436,12/16/2018,3:30p,PHI,128,CLE,105,0,19432
437,12/16/2018,5:00p,NYK,99,IND,110,0,16646
438,12/16/2018,6:00p,LAL,110,WAS,128,0,20409
439,12/16/2018,7:00p,SAC,120,DAL,113,0,19935
440,12/16/2018,7:00p,MIA,102,NOP,96,0,15535
441,12/16/2018,8:00p,TOR,86,DEN,95,0,19520
442,12/17/2018,7:00p,MIL,107,DET,104,0,15051
443,12/17/2018,7:30p,PHX,128,NYK,110,0,18437
444,12/17/2018,8:00p,UTA,97,HOU,102,0,18055
445,12/17/2018,8:00p,SAC,105,MIN,132,0,12417
446,12/17/2018,8:00p,CHI,96,OKC,121,0,18203
447,12/17/2018,8:30p,PHI,96,SAS,123,0,17486
448,12/17/2018,10:30p,MEM,93,GSW,110,0,19596
449,12/17/2018,10:30p,POR,131,LAC,127,0,16030
450,12/18/2018,7:00p,CLE,92,IND,91,0,15630
451,12/18/2018,7:30p,WAS,110,ATL,118,0,16489
452,12/18/2018,7:30p,LAL,110,BKN,115,0,17732
453,12/18/2018,9:00p,DAL,118,DEN,126,0,15764
454,12/19/2018,7:00p,CLE,99,CHA,110,0,15179
455,12/19/2018,7:00p,SAS,129,ORL,90,0,17138
456,12/19/2018,7:00p,NYK,109,PHI,131,0,20424
457,12/19/2018,7:30p,PHX,111,BOS,103,0,18624
458,12/19/2018,7:30p,IND,96,TOR,99,0,19800
459,12/19/2018,8:00p,BKN,96,CHI,93,0,18065
460,12/19/2018,8:00p,WAS,118,HOU,136,0,18055
461,12/19/2018,8:00p,NOP,115,MIL,123,0,17341
462,12/19/2018,8:00p,DET,129,MIN,123,1,15883
463,12/19/2018,9:00p,GSW,103,UTA,108,0,18306
464,12/19/2018,10:00p,MEM,92,POR,99,0,19412
465,12/19/2018,10:00p,OKC,132,SAC,113,0,17583
466,12/20/2018,8:00p,HOU,99,MIA,101,0,19600
467,12/20/2018,10:30p,DAL,121,LAC,125,0,17528
468,12/21/2018,7:00p,DET,86,CHA,98,0,15812
469,12/21/2018,7:00p,CLE,110,TOR,126,0,19800
470,12/21/2018,7:30p,IND,114,BKN,106,0,13302
471,12/21/2018,7:30p,ATL,114,NYK,107,0,19080
472,12/21/2018,8:00p,MIL,120,BOS,107,0,18624
473,12/21/2018,8:00p,ORL,80,CHI,90,0,20436
474,12/21/2018,8:30p,MIN,98,SAS,124,0,17708
475,12/21/2018,10:00p,UTA,120,POR,90,0,19127
476,12/21/2018,10:00p,MEM,99,SAC,102,0,16369
477,12/21/2018,10:30p,NOP,104,LAL,112,0,18997
478,12/22/2018,5:00p,DEN,111,LAC,132,0,16571
479,12/22/2018,7:00p,PHX,146,WAS,149,3,16571
480,12/22/2018,7:30p,TOR,101,PHI,126,0,20691
481,12/22/2018,8:00p,SAS,101,HOU,108,0,18055
482,12/22/2018,8:00p,MIL,87,MIA,94,0,19600
483,12/22/2018,8:30p,DAL,116,GSW,120,0,19596
484,12/22/2018,9:00p,OKC,107,UTA,106,0,18306
485,12/23/2018,4:00p,ATL,98,DET,95,0,16532
486,12/23/2018,5:00p,WAS,89,IND,105,0,17923
487,12/23/2018,6:00p,CHA,103,BOS,119,0,18624
488,12/23/2018,6:00p,PHX,103,BKN,111,0,15310
489,12/23/2018,6:00p,CHI,112,CLE,92,0,19432
490,12/23/2018,6:00p,MIA,115,ORL,91,0,18846
491,12/23/2018,6:00p,NOP,117,SAC,122,0,16643
492,12/23/2018,8:00p,MIN,114,OKC,112,0,18203
493,12/23/2018,8:30p,LAC,127,GSW,129,0,19596
494,12/23/2018,9:00p,DAL,118,POR,121,1,19707
495,12/23/2018,9:30p,MEM,107,LAL,99,0,18997
496,12/25/2018,12:00p,MIL,109,NYK,95,0,19812
497,12/25/2018,3:00p,OKC,109,HOU,113,0,18055
498,12/25/2018,5:30p,PHI,114,BOS,121,1,18624
499,12/25/2018,8:00p,LAL,127,GSW,101,0,19596
500,12/25/2018,10:30p,POR,96,UTA,117,0,18306
501,12/26/2018,7:00p,WAS,95,DET,106,0,17534
502,12/26/2018,7:00p,PHX,122,ORL,120,1,16755
503,12/26/2018,7:30p,IND,129,ATL,121,0,15026
504,12/26/2018,7:30p,CHA,132,BKN,134,2,14309
505,12/26/2018,7:30p,TOR,106,MIA,104,0,19902
506,12/26/2018,8:00p,MIN,119,CHI,94,0,21852
507,12/26/2018,8:00p,CLE,87,MEM,95,0,16424
508,12/26/2018,8:30p,NOP,119,DAL,122,0,20340
509,12/26/2018,8:30p,DEN,103,SAS,111,0,18408
510,12/26/2018,10:30p,SAC,118,LAC,127,0,19068
511,12/27/2018,8:00p,BOS,113,HOU,127,0,18055
512,12/27/2018,8:00p,NYK,96,MIL,112,0,18058
513,12/27/2018,10:00p,LAL,116,SAC,117,0,17583
514,12/27/2018,10:30p,POR,110,GSW,109,1,19596
515,12/27/2018,10:30p,PHI,114,UTA,97,0,18306
516,12/28/2018,7:00p,BKN,87,CHA,100,0,19411
517,12/28/2018,7:00p,DET,88,IND,125,0,17923
518,12/28/2018,7:00p,TOR,87,ORL,116,0,18846
519,12/28/2018,7:00p,CHI,101,WAS,92,0,20409
520,12/28/2018,8:00p,CLE,94,MIA,118,0,19617
521,12/28/2018,8:00p,ATL,123,MIN,120,1,18978
522,12/28/2018,8:00p,DAL,112,NOP,114,0,18364
523,12/28/2018,9:00p,SAS,99,DEN,102,0,20076
524,12/28/2018,9:00p,OKC,118,PHX,102,0,18055
525,12/28/2018,10:30p,LAC,118,LAL,107,0,18997
526,12/29/2018,5:00p,BKN,115,MIL,129,0,17918
527,12/29/2018,7:00p,HOU,108,NOP,104,0,17555
528,12/29/2018,7:00p,CHA,126,WAS,130,0,17197
529,12/29/2018,7:30p,CLE,108,ATL,111,0,16460
530,12/29/2018,8:00p,BOS,112,MEM,103,0,17794
531,12/29/2018,8:00p,NYK,97,UTA,129,0,18306
532,12/29/2018,9:00p,DEN,122,PHX,118,0,14975
533,12/29/2018,10:00p,GSW,115,POR,105,0,19797
534,12/29/2018,10:30p,SAS,122,LAC,111,0,19068
535,12/30/2018,3:30p,DET,107,ORL,109,0,17761
536,12/30/2018,6:00p,MIN,113,MIA,104,0,19600
537,12/30/2018,6:00p,CHI,89,TOR,95,0,19800
538,12/30/2018,7:00p,OKC,103,DAL,105,0,20380
539,12/30/2018,9:00p,PHI,95,POR,129,0,19393
540,12/30/2018,9:30p,SAC,114,LAL,121,0,18997
541,12/31/2018,3:00p,ATL,108,IND,116,0,17923
542,12/31/2018,6:00p,ORL,100,CHA,125,0,14694
543,12/31/2018,7:00p,MEM,101,HOU,113,0,18055
544,12/31/2018,7:00p,BOS,111,SAS,120,0,18354
545,12/31/2018,8:00p,MIN,114,NOP,123,0,14904
546,12/31/2018,8:00p,DAL,102,OKC,122,0,18203
547,12/31/2018,9:00p,GSW,132,PHX,109,0,16906
548,1/1/2019,7:30p,UTA,116,TOR,122,0,19800
549,1/1/2019,8:00p,DET,98,MIL,121,0,17534
550,1/1/2019,9:00p,NYK,108,DEN,115,0,19520
551,1/1/2019,9:00p,POR,113,SAC,108,1,17583
552,1/1/2019,10:30p,PHI,119,LAC,113,0,17868
553,1/2/2019,7:00p,DAL,122,CHA,84,0,16955
554,1/2/2019,7:00p,MIA,117,CLE,92,0,19432
555,1/2/2019,7:00p,ATL,98,WAS,114,0,15324
556,1/2/2019,7:30p,NOP,121,BKN,126,0,16890
557,1/2/2019,8:00p,MIN,102,BOS,115,0,18624
558,1/2/2019,8:00p,ORL,112,CHI,84,0,19013
559,1/2/2019,8:00p,DET,101,MEM,94,0,14109
560,1/2/2019,9:00p,PHI,132,PHX,127,0,15226
561,1/2/2019,10:30p,OKC,107,LAL,100,0,18997
562,1/3/2019,8:00p,TOR,107,SAS,125,0,18354
563,1/3/2019,10:00p,DEN,117,SAC,113,0,17583
564,1/3/2019,10:30p,HOU,135,GSW,134,1,19596
565,1/4/2019,7:30p,UTA,117,CLE,91,0,19432
566,1/4/2019,8:00p,DAL,93,BOS,114,0,18624
567,1/4/2019,8:00p,IND,119,CHI,116,1,21284
568,1/4/2019,8:00p,BKN,109,MEM,100,0,16683
569,1/4/2019,8:00p,WAS,109,MIA,115,0,19600
570,1/4/2019,8:00p,ORL,103,MIN,120,0,14355
571,1/4/2019,8:30p,ATL,112,MIL,144,0,17632
572,1/4/2019,9:00p,LAC,121,PHX,111,0,14764
573,1/4/2019,10:30p,NYK,119,LAL,112,0,18997
574,1/4/2019,10:30p,OKC,111,POR,109,0,19393
575,1/5/2019,5:00p,CHA,110,DEN,123,0,19861
576,1/5/2019,7:00p,UTA,110,DET,105,0,17255
577,1/5/2019,7:30p,DAL,100,PHI,106,0,20656
578,1/5/2019,8:00p,NOP,133,CLE,98,0,19432
579,1/5/2019,8:30p,TOR,123,MIL,116,0,18028
580,1/5/2019,8:30p,MEM,88,SAS,108,0,18354
581,1/5/2019,10:00p,HOU,101,POR,110,0,19577
582,1/5/2019,10:00p,GSW,127,SAC,123,0,17583
583,1/6/2019,3:30p,BKN,117,CHI,100,0,19265
584,1/6/2019,3:30p,ORL,96,LAC,106,0,16616
585,1/6/2019,3:30p,LAL,86,MIN,108,0,18978
586,1/6/2019,6:00p,MIA,82,ATL,106,0,16630
587,1/6/2019,7:00p,WAS,116,OKC,98,0,18203
588,1/6/2019,7:30p,IND,105,TOR,121,0,19800
589,1/6/2019,8:00p,CHA,119,PHX,113,0,13110
590,1/7/2019,7:00p,SAS,119,DET,107,0,13107
591,1/7/2019,7:30p,BKN,95,BOS,116,0,18624
592,1/7/2019,8:00p,DEN,113,HOU,125,0,18055
593,1/7/2019,8:00p,UTA,102,MIL,114,0,17341
594,1/7/2019,8:00p,MEM,95,NOP,114,0,14624
595,1/7/2019,8:30p,LAL,107,DAL,97,0,20354
596,1/7/2019,10:00p,NYK,101,POR,111,0,19026
597,1/7/2019,10:00p,ORL,95,SAC,111,0,15724
598,1/8/2019,7:00p,IND,123,CLE,115,0,19432
599,1/8/2019,7:00p,WAS,115,PHI,132,0,20446
600,1/8/2019,7:30p,DEN,103,MIA,99,0,19600
601,1/8/2019,7:30p,ATL,101,TOR,104,0,19800
602,1/8/2019,8:00p,MIN,119,OKC,117,0,18203
603,1/8/2019,9:00p,SAC,111,PHX,115,0,13977
604,1/8/2019,10:30p,NYK,95,GSW,122,0,19596
605,1/8/2019,10:30p,CHA,109,LAC,128,0,15275
606,1/9/2019,7:00p,IND,108,BOS,135,0,18624
607,1/9/2019,7:00p,PHI,106,WAS,123,0,18039
608,1/9/2019,7:30p,ATL,100,BKN,116,0,14531
609,1/9/2019,8:00p,MIL,116,HOU,109,0,18055
610,1/9/2019,8:00p,SAS,86,MEM,96,0,13944
611,1/9/2019,8:00p,CLE,124,NOP,140,0,15058
612,1/9/2019,8:30p,PHX,94,DAL,104,0,19596
613,1/9/2019,9:00p,ORL,93,UTA,106,0,18306
614,1/9/2019,10:00p,CHI,112,POR,124,0,19393
615,1/9/2019,10:30p,DET,100,LAL,113,0,18997
616,1/10/2019,7:00p,BOS,99,MIA,115,0,19600
617,1/10/2019,9:00p,LAC,100,DEN,121,0,15742
618,1/10/2019,9:30p,OKC,147,SAS,154,2,18354
619,1/10/2019,10:00p,DET,102,SAC,112,0,16916
620,1/11/2019,7:00p,ATL,123,PHI,121,0,20487
621,1/11/2019,7:00p,MIL,106,WAS,113,0,17996
622,1/11/2019,7:30p,IND,121,NYK,106,0,19812
623,1/11/2019,7:30p,BKN,105,TOR,122,0,19800
624,1/11/2019,8:00p,CLE,113,HOU,141,0,18055
625,1/11/2019,8:00p,DAL,119,MIN,115,0,18978
626,1/11/2019,10:00p,CHA,96,POR,127,0,19393
627,1/11/2019,10:00p,LAL,95,UTA,113,0,18306
628,1/11/2019,10:30p,CHI,109,GSW,146,0,19596
629,1/12/2019,3:30p,DET,109,LAC,104,0,16540
630,1/12/2019,5:00p,MEM,108,MIA,112,0,19600
631,1/12/2019,7:00p,BOS,103,ORL,105,0,18846
632,1/12/2019,8:00p,NOP,106,MIN,110,0,16384
633,1/12/2019,8:00p,SAS,112,OKC,122,0,18203
634,1/12/2019,9:00p,DEN,93,PHX,102,0,15246
635,1/12/2019,10:00p,CHA,97,SAC,104,0,17853
636,1/12/2019,10:00p,CHI,102,UTA,110,0,18306
637,1/13/2019,1:00p,PHI,108,NYK,105,0,18596
638,1/13/2019,1:00p,TOR,140,WAS,138,2,16919
639,1/13/2019,3:30p,MIL,133,ATL,114,0,16292
640,1/13/2019,6:00p,HOU,109,ORL,116,0,16982
641,1/13/2019,7:00p,GSW,119,DAL,114,0,20340
642,1/13/2019,8:00p,POR,113,DEN,116,0,19520
643,1/13/2019,9:30p,CLE,101,LAL,95,0,18997
644,1/14/2019,7:30p,BOS,102,BKN,109,0,16247
645,1/14/2019,8:00p,MEM,94,HOU,112,0,18055
646,1/14/2019,8:30p,CHA,108,SAS,93,0,18354
647,1/14/2019,9:00p,DET,94,UTA,100,0,18306
648,1/14/2019,10:00p,POR,107,SAC,115,0,17583
649,1/14/2019,10:30p,NOP,121,LAC,117,0,15283
650,1/15/2019,7:00p,PHX,97,IND,131,0,15698
651,1/15/2019,7:00p,MIN,107,PHI,149,0,20265
652,1/15/2019,7:30p,OKC,126,ATL,142,0,15045
653,1/15/2019,8:00p,MIA,86,MIL,124,0,17626
654,1/15/2019,9:00p,GSW,142,DEN,111,0,19896
655,1/15/2019,10:30p,CHI,100,LAL,107,0,18997
656,1/16/2019,7:00p,ORL,115,DET,120,1,14019
657,1/16/2019,8:00p,TOR,108,BOS,117,0,18624
658,1/16/2019,8:00p,BKN,145,HOU,142,1,18055
659,1/16/2019,8:00p,MIL,111,MEM,101,0,14921
660,1/16/2019,8:30p,SAS,105,DAL,101,0,20214
661,1/16/2019,10:00p,CLE,112,POR,129,0,19089
662,1/16/2019,10:30p,NOP,140,GSW,147,0,19596
663,1/16/2019,10:30p,UTA,129,LAC,109,0,15535
664,1/17/2019,3:00p,NYK,100,WAS,101,0,19078
665,1/17/2019,7:00p,SAC,95,CHA,114,0,15431
666,1/17/2019,7:00p,PHI,120,IND,96,0,16007
667,1/17/2019,7:30p,PHX,109,TOR,111,0,19800
668,1/17/2019,9:00p,CHI,105,DEN,135,0,17289
669,1/17/2019,9:30p,LAL,138,OKC,128,1,18203
670,1/18/2019,7:00p,MEM,116,BOS,122,0,18624
671,1/18/2019,7:00p,MIA,93,DET,98,0,17228
672,1/18/2019,7:00p,BKN,117,ORL,115,0,17840
673,1/18/2019,8:00p,SAS,116,MIN,113,0,17222
674,1/18/2019,9:00p,CLE,99,UTA,115,0,18306
675,1/18/2019,10:30p,GSW,112,LAC,94,0,19068
676,1/18/2019,10:30p,NOP,112,POR,128,0,19598
677,1/19/2019,3:30p,OKC,117,PHI,115,0,20646
678,1/19/2019,5:00p,PHX,115,CHA,135,0,19278
679,1/19/2019,7:00p,SAC,103,DET,101,0,15377
680,1/19/2019,7:00p,DAL,99,IND,111,0,17508
681,1/19/2019,7:00p,MIL,118,ORL,108,0,18846
682,1/19/2019,7:30p,BOS,113,ATL,105,0,16626
683,1/19/2019,7:30p,MEM,90,TOR,119,0,19800
684,1/19/2019,8:00p,MIA,117,CHI,103,0,20926
685,1/19/2019,8:30p,LAL,134,HOU,138,1,18055
686,1/19/2019,10:00p,CLE,102,DEN,124,0,19520
687,1/20/2019,6:00p,CHA,95,IND,120,0,15015
688,1/20/2019,7:00p,PHX,114,MIN,116,0,14607
689,1/20/2019,7:00p,LAC,103,SAS,95,0,18354
690,1/21/2019,12:30p,OKC,127,NYK,109,0,19493
691,1/21/2019,1:00p,CHI,104,CLE,88,0,19432
692,1/21/2019,2:00p,DAL,106,MIL,116,0,17963
693,1/21/2019,2:00p,DET,87,WAS,101,0,16229
694,1/21/2019,3:00p,ORL,122,ATL,103,0,16611
695,1/21/2019,3:30p,SAC,94,BKN,123,0,14233
696,1/21/2019,5:30p,NOP,105,MEM,85,0,17794
697,1/21/2019,6:00p,MIA,99,BOS,107,0,18624
698,1/21/2019,8:00p,HOU,93,PHI,121,0,20313
699,1/21/2019,9:00p,POR,109,UTA,104,0,18306
700,1/21/2019,10:30p,GSW,130,LAL,111,0,18997
701,1/22/2019,7:00p,SAC,105,TOR,120,0,19800
702,1/22/2019,8:00p,POR,114,OKC,123,0,18203
703,1/22/2019,8:30p,LAC,98,DAL,106,0,19466
704,1/22/2019,9:00p,MIN,118,PHX,91,0,14460
705,1/23/2019,7:00p,TOR,106,IND,110,0,16879
706,1/23/2019,7:30p,CLE,103,BOS,123,0,18624
707,1/23/2019,7:30p,ORL,110,BKN,114,0,13185
708,1/23/2019,7:30p,LAC,111,MIA,99,0,19600
709,1/23/2019,7:30p,HOU,114,NYK,110,0,18819
710,1/23/2019,8:00p,ATL,121,CHI,101,0,18223
711,1/23/2019,8:00p,CHA,118,MEM,107,0,12863
712,1/23/2019,8:00p,DET,98,NOP,94,0,18181
713,1/23/2019,8:00p,SAS,120,PHI,122,0,20339
714,1/23/2019,10:30p,DEN,108,UTA,114,0,18306
715,1/24/2019,8:00p,NOP,116,OKC,122,0,18203
716,1/24/2019,8:00p,GSW,126,WAS,118,0,20409
717,1/24/2019,9:00p,POR,120,PHX,106,0,15441
718,1/24/2019,10:30p,MIN,120,LAL,105,0,18997
719,1/25/2019,7:00p,WAS,95,ORL,91,0,17216
720,1/25/2019,7:30p,NYK,99,BKN,109,0,17033
721,1/25/2019,7:30p,MIA,100,CLE,94,0,19432
722,1/25/2019,8:00p,LAC,106,CHI,101,0,19354
723,1/25/2019,8:00p,TOR,119,HOU,121,0,18055
724,1/25/2019,8:00p,SAC,99,MEM,96,0,14486
725,1/25/2019,8:30p,DET,101,DAL,106,0,20327
726,1/25/2019,8:30p,CHA,99,MIL,108,0,17803
727,1/25/2019,9:00p,PHX,95,DEN,132,0,17425
728,1/25/2019,9:00p,MIN,102,UTA,106,0,18306
729,1/26/2019,6:00p,SAS,126,NOP,114,0,17724
730,1/26/2019,8:00p,IND,103,MEM,106,0,14486
731,1/26/2019,8:30p,GSW,115,BOS,111,0,18624
732,1/26/2019,9:00p,PHI,110,DEN,126,0,19673
733,1/26/2019,10:00p,ATL,111,POR,120,0,19629
734,1/27/2019,3:30p,CLE,104,CHI,101,0,19675
735,1/27/2019,3:30p,SAC,108,LAC,122,0,19068
736,1/27/2019,6:00p,MIL,112,OKC,118,0,18203
737,1/27/2019,7:00p,TOR,123,DAL,120,0,20308
738,1/27/2019,7:00p,ORL,98,HOU,103,0,18055
739,1/27/2019,7:00p,UTA,125,MIN,111,0,14542
740,1/27/2019,7:00p,WAS,119,SAS,132,0,18354
741,1/27/2019,7:30p,MIA,106,NYK,97,0,18852
742,1/27/2019,9:30p,PHX,102,LAL,116,0,18997
743,1/28/2019,7:00p,NYK,92,CHA,101,0,13963
744,1/28/2019,7:00p,GSW,132,IND,100,0,17923
745,1/28/2019,7:30p,BKN,104,BOS,112,0,18624
746,1/28/2019,8:00p,DEN,95,MEM,92,0,12917
747,1/28/2019,10:30p,ATL,123,LAC,118,0,17382
748,1/29/2019,7:00p,WAS,113,CLE,116,0,19432
749,1/29/2019,7:00p,MIL,115,DET,105,0,14187
750,1/29/2019,7:00p,OKC,126,ORL,117,0,16341
751,1/29/2019,7:30p,CHI,117,BKN,122,0,12726
752,1/29/2019,8:00p,NOP,121,HOU,116,0,18055
753,1/29/2019,8:30p,PHX,124,SAS,126,0,18121
754,1/29/2019,10:30p,PHI,121,LAL,105,0,18997
755,1/30/2019,7:30p,CHA,94,BOS,126,0,18624
756,1/30/2019,7:30p,CHI,105,MIA,89,0,19600
757,1/30/2019,7:30p,DAL,114,NYK,90,0,18842
758,1/30/2019,8:00p,MEM,97,MIN,99,1,13615
759,1/30/2019,8:00p,DEN,105,NOP,99,0,14211
760,1/30/2019,8:00p,IND,89,WAS,107,0,15354
761,1/30/2019,10:00p,ATL,113,SAC,135,0,17583
762,1/30/2019,10:30p,UTA,105,POR,132,0,19393
763,1/31/2019,7:00p,DAL,89,DET,93,0,14075
764,1/31/2019,7:00p,IND,100,ORL,107,0,16625
765,1/31/2019,8:00p,MIL,105,TOR,92,0,19800
766,1/31/2019,8:30p,BKN,114,SAS,117,0,18057
767,1/31/2019,10:30p,PHI,113,GSW,104,0,19596
768,1/31/2019,10:30p,LAL,123,LAC,120,1,19068
769,2/1/2019,7:00p,MEM,92,CHA,100,0,15387
770,2/1/2019,7:30p,BOS,113,NYK,99,0,18343
771,2/1/2019,8:00p,OKC,118,MIA,102,0,19600
772,2/1/2019,9:00p,ATL,112,UTA,128,0,18306
773,2/1/2019,10:00p,HOU,122,DEN,136,0,20106
774,2/2/2019,5:00p,LAC,111,DET,101,0,17862
775,2/2/2019,7:00p,CHI,118,CHA,125,0,19114
776,2/2/2019,7:00p,BKN,89,ORL,102,0,17385
777,2/2/2019,7:00p,MIL,131,WAS,115,0,20409
778,2/2/2019,7:30p,DAL,111,CLE,98,0,19432
779,2/2/2019,7:30p,IND,95,MIA,88,0,19600
780,2/2/2019,8:30p,LAL,101,GSW,115,0,19596
781,2/2/2019,8:30p,NOP,108,SAS,113,0,18354
782,2/2/2019,9:00p,DEN,107,MIN,106,0,17208
783,2/2/2019,9:00p,ATL,118,PHX,112,0,15534
784,2/2/2019,9:00p,HOU,125,UTA,98,0,18306
785,2/2/2019,10:00p,PHI,108,SAC,115,0,17583
786,2/3/2019,1:00p,MEM,96,NYK,84,0,17025
787,2/3/2019,2:00p,OKC,129,BOS,134,0,18624
788,2/3/2019,3:00p,LAC,103,TOR,121,0,19800
789,2/4/2019,7:00p,DEN,103,DET,129,0,12589
790,2/4/2019,7:00p,ATL,137,WAS,129,0,15025
791,2/4/2019,7:30p,MIL,113,BKN,94,0,16209
792,2/4/2019,8:00p,IND,109,NOP,107,0,15780
793,2/4/2019,9:00p,HOU,118,PHX,110,0,15740
794,2/4/2019,10:00p,SAS,112,SAC,127,0,16245
795,2/5/2019,7:00p,LAC,117,CHA,115,0,14300
796,2/5/2019,7:00p,BOS,103,CLE,96,0,19432
797,2/5/2019,7:00p,LAL,94,IND,136,0,17265
798,2/5/2019,7:30p,DET,105,NYK,92,0,17853
799,2/5/2019,8:00p,MIN,106,MEM,108,0,13454
800,2/5/2019,8:00p,ORL,122,OKC,132,0,18203
801,2/5/2019,8:00p,TOR,119,PHI,107,0,20472
802,2/5/2019,10:30p,MIA,118,POR,108,0,19468
803,2/6/2019,7:30p,DEN,130,BKN,135,0,14516
804,2/6/2019,8:00p,NOP,125,CHI,120,0,18116
805,2/6/2019,8:00p,WAS,129,MIL,148,0,17360
806,2/6/2019,8:30p,CHA,93,DAL,99,0,19606
807,2/6/2019,9:00p,PHX,88,UTA,116,0,18306
808,2/6/2019,10:00p,HOU,127,SAC,101,0,17583
809,2/6/2019,10:30p,SAS,102,GSW,141,0,19596
810,2/7/2019,7:00p,LAC,92,IND,116,0,15756
811,2/7/2019,7:00p,MIN,112,ORL,122,0,17184
812,2/7/2019,7:30p,TOR,119,ATL,101,0,16036
813,2/7/2019,8:00p,LAL,129,BOS,128,0,18624
814,2/7/2019,8:00p,MEM,95,OKC,117,0,18203
815,2/7/2019,10:30p,SAS,118,POR,127,0,19393
816,2/8/2019,7:00p,NYK,103,DET,120,0,14430
817,2/8/2019,7:00p,DEN,110,PHI,117,0,20627
818,2/8/2019,7:00p,CLE,106,WAS,119,0,16682
819,2/8/2019,7:30p,CHI,125,BKN,106,0,15267
820,2/8/2019,8:30p,MIL,122,DAL,107,0,20420
821,2/8/2019,9:00p,GSW,117,PHX,107,0,17081
822,2/8/2019,9:30p,MIN,117,NOP,122,0,16980
823,2/8/2019,10:00p,MIA,96,SAC,102,0,17583
824,2/9/2019,5:00p,SAS,105,UTA,125,0,18306
825,2/9/2019,7:00p,CLE,90,IND,105,0,17923
826,2/9/2019,7:30p,CHA,129,ATL,120,0,15048
827,2/9/2019,7:30p,TOR,104,NYK,99,0,18886
828,2/9/2019,8:00p,LAC,123,BOS,112,0,18624
829,2/9/2019,8:00p,WAS,134,CHI,125,0,19942
830,2/9/2019,8:00p,NOP,90,MEM,99,0,16841
831,2/9/2019,8:30p,OKC,117,HOU,112,0,18061
832,2/9/2019,9:00p,ORL,103,MIL,83,0,17812
833,2/10/2019,3:00p,POR,101,DAL,102,0,20340
834,2/10/2019,3:30p,LAL,120,PHI,143,0,20683
835,2/10/2019,6:00p,PHX,104,SAC,117,0,17583
836,2/10/2019,7:30p,ORL,124,ATL,108,0,13370
837,2/10/2019,8:30p,MIA,118,GSW,120,0,19596
838,2/11/2019,7:00p,NYK,104,CLE,107,0,19432
839,2/11/2019,7:00p,WAS,112,DET,121,0,15246
840,2/11/2019,7:00p,CHA,90,IND,99,0,15734
841,2/11/2019,7:30p,BKN,125,TOR,127,0,19800
842,2/11/2019,8:00p,MIL,112,CHI,99,0,18833
843,2/11/2019,8:00p,DAL,104,HOU,120,0,18055
844,2/11/2019,8:00p,LAC,120,MIN,130,0,13782
845,2/11/2019,8:00p,POR,111,OKC,120,0,18203
846,2/11/2019,9:00p,MIA,87,DEN,103,0,18378
847,2/12/2019,7:30p,LAL,113,ATL,117,0,16824
848,2/12/2019,8:00p,SAS,108,MEM,107,0,13788
849,2/12/2019,8:00p,ORL,118,NOP,88,0,15733
850,2/12/2019,8:00p,BOS,112,PHI,109,0,20582
851,2/12/2019,10:30p,UTA,108,GSW,115,0,19596
852,2/13/2019,7:00p,BKN,148,CLE,139,3,17434
853,2/13/2019,7:00p,MIL,106,IND,97,0,17311
854,2/13/2019,7:30p,DET,110,BOS,118,0,18624
855,2/13/2019,7:30p,PHI,126,NYK,111,0,18983
856,2/13/2019,7:30p,WAS,120,TOR,129,0,19800
857,2/13/2019,8:00p,MEM,110,CHI,122,0,19114
858,2/13/2019,8:00p,HOU,111,MIN,121,0,15131
859,2/13/2019,8:30p,MIA,112,DAL,101,0,20364
860,2/13/2019,9:00p,SAC,118,DEN,120,0,17938
861,2/13/2019,10:30p,PHX,107,LAC,134,0,17703
862,2/13/2019,10:30p,GSW,107,POR,129,0,19549
863,2/14/2019,7:00p,CHA,89,ORL,127,0,18846
864,2/14/2019,7:30p,NYK,106,ATL,91,0,14179
865,2/14/2019,8:00p,OKC,122,NOP,131,0,15686
866,2/21/2019,7:00p,PHX,98,CLE,111,0,19022
867,2/21/2019,7:00p,MIA,102,PHI,106,0,20505
868,2/21/2019,7:30p,POR,113,BKN,99,0,17732
869,2/21/2019,8:00p,BOS,97,MIL,98,0,17926
870,2/21/2019,10:30p,SAC,123,GSW,125,0,19596
871,2/21/2019,10:30p,HOU,106,LAL,111,0,18997
872,2/22/2019,7:00p,WAS,110,CHA,123,0,15572
873,2/22/2019,7:00p,NOP,111,IND,126,0,16962
874,2/22/2019,7:00p,CHI,110,ORL,109,0,18846
875,2/22/2019,7:00p,SAS,117,TOR,120,0,20058
876,2/22/2019,7:30p,DET,125,ATL,122,0,14067
877,2/22/2019,7:30p,MIN,115,NYK,104,0,19096
878,2/22/2019,8:00p,LAC,112,MEM,106,0,16444
879,2/22/2019,8:30p,DEN,114,DAL,104,0,20382
880,2/22/2019,9:30p,UTA,147,OKC,148,2,18203
881,2/23/2019,1:00p,POR,130,PHI,115,0,20619
882,2/23/2019,7:00p,PHX,112,ATL,120,0,15214
883,2/23/2019,7:00p,BKN,117,CHA,115,0,19158
884,2/23/2019,7:00p,MEM,107,CLE,112,0,19432
885,2/23/2019,7:00p,LAL,115,NOP,128,0,18626
886,2/23/2019,7:00p,IND,119,WAS,112,0,19648
887,2/23/2019,7:30p,DET,119,MIA,96,0,19600
888,2/23/2019,8:00p,BOS,116,CHI,126,0,21295
889,2/23/2019,8:00p,SAC,119,OKC,116,0,18203
890,2/23/2019,8:30p,HOU,118,GSW,112,0,19596
891,2/23/2019,8:30p,MIN,128,MIL,140,0,17972
892,2/23/2019,10:00p,DAL,109,UTA,125,0,18306
893,2/24/2019,3:30p,ORL,113,TOR,98,0,19800
894,2/24/2019,5:00p,LAC,96,DEN,123,0,19956
895,2/24/2019,7:30p,SAS,118,NYK,130,0,18019
896,2/25/2019,7:00p,GSW,121,CHA,110,0,19419
897,2/25/2019,7:00p,POR,123,CLE,110,0,19432
898,2/25/2019,7:00p,IND,109,DET,113,0,15321
899,2/25/2019,7:30p,SAS,85,BKN,101,0,13479
900,2/25/2019,7:30p,PHX,124,MIA,121,0,19600
901,2/25/2019,8:00p,MIL,117,CHI,106,0,20936
902,2/25/2019,8:00p,ATL,111,HOU,119,0,18055
903,2/25/2019,8:00p,LAL,105,MEM,110,0,17794
904,2/25/2019,8:00p,SAC,105,MIN,112,0,13691
905,2/25/2019,8:00p,PHI,111,NOP,110,0,17194
906,2/25/2019,10:30p,DAL,112,LAC,121,0,19068
907,2/26/2019,7:30p,ORL,103,NYK,108,0,17833
908,2/26/2019,8:00p,BOS,95,TOR,118,0,19800
909,2/26/2019,10:30p,OKC,112,DEN,121,0,18378
910,2/27/2019,7:00p,HOU,118,CHA,113,0,17903
911,2/27/2019,7:30p,MIN,123,ATL,131,1,14101
912,2/27/2019,7:30p,WAS,125,BKN,116,0,13683
913,2/27/2019,7:30p,GSW,125,MIA,126,0,19647
914,2/27/2019,8:00p,POR,97,BOS,92,0,18624
915,2/27/2019,8:00p,CHI,109,MEM,107,0,13711
916,2/27/2019,8:30p,IND,101,DAL,110,0,19978
917,2/27/2019,8:30p,DET,93,SAS,105,0,18354
918,2/27/2019,9:00p,LAC,105,UTA,111,0,18306
919,2/27/2019,10:00p,MIL,141,SAC,140,1,17583
920,2/27/2019,10:30p,NOP,119,LAL,125,0,18997
921,2/28/2019,7:00p,MIN,115,IND,122,0,17003
922,2/28/2019,7:00p,GSW,96,ORL,103,0,18846
923,2/28/2019,7:30p,CLE,125,NYK,118,0,17573
924,2/28/2019,8:00p,MIA,118,HOU,121,0,18119
925,2/28/2019,8:00p,PHI,108,OKC,104,0,18203
926,2/28/2019,10:30p,UTA,111,DEN,104,0,19520
927,3/1/2019,7:30p,CHI,168,ATL,161,4,15267
928,3/1/2019,7:30p,CHA,123,BKN,112,0,15578
929,3/1/2019,8:00p,WAS,96,BOS,107,0,18624
930,3/1/2019,8:00p,POR,117,TOR,119,0,19800
931,3/1/2019,9:00p,NOP,130,PHX,116,0,14123
932,3/1/2019,10:00p,LAC,116,SAC,109,0,17583
933,3/1/2019,10:30p,MIL,131,LAL,120,0,18997
934,3/2/2019,5:00p,DET,129,CLE,93,0,19432
935,3/2/2019,7:00p,ORL,117,IND,112,0,17923
936,3/2/2019,7:30p,BKN,88,MIA,117,0,19600
937,3/2/2019,8:30p,MEM,111,DAL,81,0,20233
938,3/2/2019,8:30p,GSW,120,PHI,117,0,20624
939,3/2/2019,8:30p,OKC,102,SAS,116,0,18439
940,3/2/2019,9:00p,NOP,120,DEN,112,0,19978
941,3/2/2019,9:00p,LAL,109,PHX,118,0,18055
942,3/2/2019,9:00p,MIL,111,UTA,115,0,18306
943,3/3/2019,1:00p,POR,118,CHA,108,0,18355
944,3/3/2019,3:30p,HOU,115,BOS,104,0,18624
945,3/3/2019,3:30p,ATL,123,CHI,118,0,20526
946,3/3/2019,3:30p,NYK,107,LAC,128,0,19068
947,3/3/2019,6:00p,ORL,93,CLE,107,0,19432
948,3/3/2019,6:00p,TOR,107,DET,112,1,19161
949,3/3/2019,6:00p,MIN,121,WAS,135,0,17869
950,3/3/2019,7:00p,MEM,95,OKC,99,0,18203
951,3/4/2019,7:30p,DAL,88,BKN,127,0,17064
952,3/4/2019,7:30p,ATL,113,MIA,114,0,19600
953,3/4/2019,8:30p,DEN,103,SAS,104,0,18354
954,3/4/2019,9:00p,MIL,105,PHX,114,0,18055
955,3/4/2019,9:00p,NOP,115,UTA,112,0,18306
956,3/4/2019,10:00p,NYK,108,SAC,115,0,17034
957,3/4/2019,10:30p,LAC,113,LAL,105,0,18997
958,3/5/2019,7:00p,CHI,96,IND,105,0,15753
959,3/5/2019,7:00p,ORL,106,PHI,114,0,20379
960,3/5/2019,8:00p,POR,111,MEM,120,0,13801
961,3/5/2019,8:00p,OKC,120,MIN,131,0,15728
962,3/5/2019,8:00p,HOU,107,TOR,95,0,19800
963,3/5/2019,10:30p,BOS,128,GSW,95,0,19596
964,3/6/2019,7:00p,MIA,91,CHA,84,0,18137
965,3/6/2019,7:00p,MIN,114,DET,131,0,15240
966,3/6/2019,7:00p,DAL,123,WAS,132,0,16867
967,3/6/2019,7:30p,SAS,111,ATL,104,0,15208
968,3/6/2019,7:30p,CLE,107,BKN,113,0,14177
969,3/6/2019,8:00p,PHI,107,CHI,108,0,19927
970,3/6/2019,8:00p,UTA,114,NOP,104,0,14681
971,3/6/2019,9:00p,NYK,96,PHX,107,0,14427
972,3/6/2019,10:00p,BOS,111,SAC,109,0,17583
973,3/6/2019,10:30p,DEN,115,LAL,99,0,18997
974,3/7/2019,8:00p,IND,98,MIL,117,0,17884
975,3/7/2019,10:30p,OKC,129,POR,121,1,20037
976,3/8/2019,7:00p,WAS,111,CHA,112,0,18144
977,3/8/2019,7:00p,DAL,106,ORL,111,0,19196
978,3/8/2019,8:00p,DET,112,CHI,104,0,21048
979,3/8/2019,8:00p,PHI,91,HOU,107,0,18055
980,3/8/2019,8:00p,UTA,104,MEM,114,0,15407
981,3/8/2019,8:00p,CLE,110,MIA,126,0,19600
982,3/8/2019,8:00p,TOR,127,NOP,104,0,17325
983,3/8/2019,10:30p,DEN,105,GSW,122,0,19596
984,3/8/2019,10:30p,OKC,110,LAC,118,0,17915
985,3/9/2019,12:00p,SAC,102,NYK,94,0,19812
986,3/9/2019,7:00p,BKN,114,ATL,112,0,16527
987,3/9/2019,8:00p,WAS,130,MIN,135,1,14381
988,3/9/2019,8:30p,BOS,120,LAL,107,0,18997
989,3/9/2019,9:00p,CHA,114,MIL,131,0,17996
990,3/9/2019,10:00p,PHX,120,POR,127,0,19851
991,3/10/2019,12:00p,CHI,108,DET,131,0,19356
992,3/10/2019,3:30p,TOR,125,MIA,104,0,19600
993,3/10/2019,3:30p,IND,89,PHI,106,0,20636
994,3/10/2019,6:00p,NOP,116,ATL,128,0,14337
995,3/10/2019,6:00p,ORL,97,MEM,105,0,16627
996,3/10/2019,7:00p,HOU,94,DAL,93,0,20423
997,3/10/2019,8:00p,NYK,92,MIN,103,0,13806
998,3/10/2019,8:00p,MIL,114,SAS,121,0,18594
999,3/10/2019,8:30p,PHX,115,GSW,111,0,19596
1000,3/11/2019,7:00p,TOR,101,CLE,126,0,19432
1001,3/11/2019,7:00p,SAC,115,WAS,121,0,15012
1002,3/11/2019,7:30p,DET,75,BKN,103,0,17732
1003,3/11/2019,8:00p,CHA,106,HOU,118,0,18055
1004,3/11/2019,9:00p,OKC,98,UTA,89,0,18306
1005,3/11/2019,10:30p,BOS,115,LAC,140,0,19068
1006,3/12/2019,7:00p,NYK,98,IND,103,0,16679
1007,3/12/2019,7:00p,CLE,99,PHI,106,0,20420
1008,3/12/2019,8:00p,LAL,123,CHI,107,0,21359
1009,3/12/2019,8:00p,SAS,112,DAL,105,0,20366
1010,3/12/2019,8:00p,MIL,130,NOP,113,0,15562
1011,3/12/2019,10:30p,MIN,107,DEN,133,0,16874
1012,3/12/2019,10:30p,POR,125,LAC,104,0,16686
1013,3/13/2019,7:00p,BKN,96,OKC,108,0,18203
1014,3/13/2019,7:00p,ORL,90,WAS,100,0,15107
1015,3/13/2019,7:30p,MEM,111,ATL,132,0,15169
1016,3/13/2019,7:30p,DET,74,MIA,108,0,19600
1017,3/13/2019,9:30p,GSW,106,HOU,104,0,18122
1018,3/13/2019,10:00p,UTA,114,PHX,97,0,18055
1019,3/14/2019,7:00p,OKC,106,IND,108,0,16656
1020,3/14/2019,7:00p,CLE,91,ORL,120,0,18091
1021,3/14/2019,7:30p,SAC,120,BOS,126,0,18624
1022,3/14/2019,8:00p,LAL,98,TOR,111,0,19962
1023,3/14/2019,9:00p,MIN,100,UTA,120,0,18306
1024,3/14/2019,10:30p,DAL,99,DEN,100,0,19520
1025,3/15/2019,7:00p,LAL,97,DET,111,0,20768
1026,3/15/2019,7:00p,SAC,114,PHI,123,0,20704
1027,3/15/2019,7:00p,CHA,116,WAS,110,0,19520
1028,3/15/2019,8:00p,PHX,102,HOU,108,0,18055
1029,3/15/2019,8:00p,MIL,113,MIA,98,0,19600
1030,3/15/2019,8:00p,POR,122,NOP,110,0,16117
1031,3/15/2019,8:30p,NYK,83,SAS,109,0,18354
1032,3/15/2019,10:30p,CHI,121,LAC,128,0,17404
1033,3/16/2019,12:30p,ATL,120,BOS,129,0,18624
1034,3/16/2019,7:00p,PHX,138,NOP,136,1,17641
1035,3/16/2019,7:00p,MEM,128,WAS,135,0,19750
1036,3/16/2019,8:30p,CLE,116,DAL,121,0,20347
1037,3/16/2019,8:30p,GSW,110,OKC,88,0,18203
1038,3/16/2019,8:30p,POR,103,SAS,108,0,18354
1039,3/16/2019,9:00p,IND,100,DEN,102,0,19856
1040,3/16/2019,9:00p,BKN,98,UTA,114,0,18306
1041,3/17/2019,12:00p,LAL,123,NYK,124,0,19812
1042,3/17/2019,1:00p,CHA,75,MIA,93,0,19600
1043,3/17/2019,3:30p,PHI,130,MIL,125,0,18148
1044,3/17/2019,4:00p,TOR,107,DET,110,0,19277
1045,3/17/2019,6:00p,ATL,91,ORL,101,0,18045
1046,3/17/2019,6:00p,CHI,102,SAC,129,0,17583
1047,3/17/2019,9:00p,MIN,102,HOU,117,0,18055
1048,3/17/2019,9:00p,BKN,116,LAC,119,0,17247
1049,3/18/2019,7:00p,DET,119,CLE,126,0,18465
1050,3/18/2019,7:00p,UTA,116,WAS,95,0,15637
1051,3/18/2019,7:30p,DEN,114,BOS,105,0,18624
1052,3/18/2019,7:30p,NYK,92,TOR,128,0,19800
1053,3/18/2019,8:00p,MIA,116,OKC,107,0,18203
1054,3/18/2019,8:00p,GSW,105,SAS,111,0,18354
1055,3/18/2019,8:30p,NOP,129,DAL,125,1,20276
1056,3/18/2019,10:00p,CHI,116,PHX,101,0,15879
1057,3/18/2019,10:30p,IND,98,POR,106,0,19393
1058,3/19/2019,7:00p,PHI,118,CHA,114,0,16411
1059,3/19/2019,7:30p,HOU,121,ATL,105,0,16293
1060,3/19/2019,8:00p,LAL,101,MIL,115,0,17879
1061,3/19/2019,8:00p,GSW,117,MIN,107,0,17964
1062,3/19/2019,10:00p,BKN,123,SAC,121,0,17583
1063,3/19/2019,10:30p,IND,109,LAC,115,0,16043
1064,3/20/2019,7:00p,MIL,102,CLE,107,0,19432
1065,3/20/2019,7:00p,NOP,96,ORL,119,0,17005
1066,3/20/2019,7:00p,BOS,115,PHI,118,0,20606
1067,3/20/2019,7:30p,UTA,137,NYK,116,0,18530
1068,3/20/2019,8:00p,WAS,120,CHI,126,1,19470
1069,3/20/2019,8:00p,HOU,125,MEM,126,1,16691
1070,3/20/2019,8:30p,MIA,110,SAS,105,0,18354
1071,3/20/2019,9:30p,TOR,123,OKC,114,1,18203
1072,3/20/2019,10:00p,DAL,118,POR,126,0,19803
1073,3/21/2019,7:00p,MIN,106,CHA,113,0,15576
1074,3/21/2019,7:00p,DEN,113,WAS,108,0,15986
1075,3/21/2019,7:30p,UTA,114,ATL,117,0,15569
1076,3/21/2019,10:00p,DET,118,PHX,98,0,16066
1077,3/21/2019,10:00p,DAL,100,SAC,116,0,17583
1078,3/21/2019,10:30p,IND,89,GSW,112,0,19596
1079,3/22/2019,7:00p,MEM,119,ORL,123,1,18025
1080,3/22/2019,7:30p,LAC,110,CLE,108,0,19432
1081,3/22/2019,7:30p,DEN,111,NYK,93,0,19290
1082,3/22/2019,7:30p,OKC,116,TOR,109,0,20014
1083,3/22/2019,8:00p,SAS,105,HOU,111,0,18055
1084,3/22/2019,8:30p,MIA,87,MIL,116,0,18094
1085,3/22/2019,10:30p,BKN,111,LAL,106,0,18997
1086,3/23/2019,6:00p,BOS,117,CHA,124,0,19438
1087,3/23/2019,7:00p,MIA,113,WAS,108,0,20409
1088,3/23/2019,7:30p,PHI,127,ATL,129,0,16640
1089,3/23/2019,8:00p,UTA,114,CHI,83,0,20506
1090,3/23/2019,8:00p,MIN,112,MEM,99,0,16977
1091,3/23/2019,8:30p,DAL,126,GSW,91,0,19596
1092,3/23/2019,10:00p,DET,112,POR,117,0,19815
1093,3/23/2019,10:00p,PHX,103,SAC,112,0,17583
1094,3/24/2019,12:00p,LAC,124,NYK,113,0,18263
1095,3/24/2019,4:30p,CLE,105,MIL,127,0,17930
1096,3/24/2019,5:00p,DEN,88,IND,124,0,17923
1097,3/24/2019,6:00p,CHA,115,TOR,114,0,19800
1098,3/24/2019,7:00p,HOU,113,NOP,90,0,17048
1099,3/24/2019,7:30p,SAS,115,BOS,96,0,18624
1100,3/24/2019,8:30p,DET,114,GSW,121,0,19596
1101,3/24/2019,9:30p,SAC,106,LAL,111,0,18997
1102,3/25/2019,7:00p,PHI,98,ORL,119,0,16848
1103,3/25/2019,8:00p,OKC,103,MEM,115,0,15144
1104,3/25/2019,9:00p,PHX,92,UTA,125,0,18306
1105,3/25/2019,10:00p,BKN,144,POR,148,2,20188
1106,3/26/2019,7:00p,SAS,116,CHA,125,1,14227
1107,3/26/2019,7:00p,BOS,116,CLE,106,0,19432
1108,3/26/2019,7:30p,ORL,104,MIA,99,0,19704
1109,3/26/2019,7:30p,CHI,103,TOR,112,0,19800
1110,3/26/2019,8:00p,HOU,94,MIL,108,0,17910
1111,3/26/2019,8:00p,LAC,122,MIN,111,0,13176
1112,3/26/2019,8:00p,ATL,130,NOP,120,0,14751
1113,3/26/2019,8:30p,SAC,125,DAL,121,0,20168
1114,3/26/2019,9:00p,DET,92,DEN,95,0,19520
1115,3/26/2019,10:30p,WAS,106,LAL,124,0,18997
1116,3/27/2019,8:00p,POR,118,CHI,98,0,20227
1117,3/27/2019,8:00p,GSW,118,MEM,103,0,17794
1118,3/27/2019,8:00p,IND,99,OKC,107,0,18203
1119,3/27/2019,10:00p,WAS,124,PHX,121,0,16004
1120,3/27/2019,10:30p,LAL,100,UTA,115,0,18306
1121,3/28/2019,7:00p,ORL,98,DET,115,0,18128
1122,3/28/2019,7:00p,BKN,110,PHI,123,0,20547
1123,3/28/2019,7:30p,DAL,99,MIA,105,0,19851
1124,3/28/2019,7:30p,TOR,117,NYK,92,0,19812
1125,3/28/2019,8:00p,DEN,85,HOU,112,0,18055
1126,3/28/2019,8:00p,LAC,118,MIL,128,0,17922
1127,3/28/2019,8:00p,SAC,118,NOP,121,0,13976
1128,3/28/2019,8:30p,CLE,110,SAS,116,0,18756
1129,3/29/2019,7:00p,IND,112,BOS,114,0,18624
1130,3/29/2019,7:30p,POR,118,ATL,98,0,16182
1131,3/29/2019,8:00p,GSW,130,MIN,131,1,18978
1132,3/29/2019,8:00p,DEN,115,OKC,105,0,18203
1133,3/29/2019,9:00p,WAS,124,UTA,128,0,18306
1134,3/29/2019,10:30p,CHA,115,LAL,129,0,18997
1135,3/30/2019,3:30p,CLE,108,LAC,132,0,16439
1136,3/30/2019,6:00p,BOS,96,BKN,110,0,17732
1137,3/30/2019,6:00p,SAC,108,HOU,119,0,18055
1138,3/30/2019,7:00p,POR,90,DET,99,0,18592
1139,3/30/2019,7:00p,ORL,121,IND,116,0,17923
1140,3/30/2019,7:30p,MIA,100,NYK,92,0,19812
1141,3/30/2019,8:00p,TOR,124,CHI,101,0,21238
1142,3/30/2019,8:00p,PHI,118,MIN,109,0,18978
1143,3/30/2019,10:00p,MEM,120,PHX,115,0,16647
1144,3/31/2019,12:30p,MIL,135,ATL,136,1,16660
1145,3/31/2019,3:30p,DAL,106,OKC,103,0,18203
1146,3/31/2019,6:00p,LAL,130,NOP,102,0,18562
1147,3/31/2019,7:00p,SAC,113,SAS,106,0,18407
1148,3/31/2019,8:00p,WAS,95,DEN,90,0,17356
1149,3/31/2019,8:30p,CHA,90,GSW,137,0,19596
1150,3/31/2019,10:30p,MEM,96,LAC,113,0,16740
1151,4/1/2019,7:00p,DET,102,IND,111,0,15760
1152,4/1/2019,7:30p,MIA,105,BOS,110,0,18624
1153,4/1/2019,7:30p,MIL,131,BKN,121,0,17732
1154,4/1/2019,7:30p,CHI,105,NYK,113,0,18874
1155,4/1/2019,7:30p,ORL,109,TOR,121,0,19800
1156,4/1/2019,8:00p,POR,132,MIN,122,0,11209
1157,4/1/2019,8:30p,PHI,102,DAL,122,0,19645
1158,4/1/2019,9:00p,CHA,102,UTA,111,0,18306
1159,4/1/2019,10:00p,CLE,113,PHX,122,0,14050
1160,4/2/2019,8:00p,LAL,103,OKC,119,0,18203
1161,4/2/2019,8:30p,ATL,111,SAS,117,0,18354
1162,4/2/2019,10:00p,HOU,130,SAC,105,0,17583
1163,4/2/2019,10:30p,DEN,102,GSW,116,0,19596
1164,4/3/2019,7:00p,IND,108,DET,89,0,18984
1165,4/3/2019,7:00p,NYK,100,ORL,114,0,18846
1166,4/3/2019,7:00p,CHI,115,WAS,114,0,16616
1167,4/3/2019,7:30p,PHI,122,ATL,130,0,16638
1168,4/3/2019,7:30p,TOR,115,BKN,105,0,17732
1169,4/3/2019,7:30p,BOS,112,MIA,102,0,19904
1170,4/3/2019,8:00p,CHA,115,NOP,109,0,16844
1171,4/3/2019,8:30p,MIN,110,DAL,108,0,19576
1172,4/3/2019,9:00p,SAS,85,DEN,113,0,17643
1173,4/3/2019,10:00p,UTA,118,PHX,97,0,15797
1174,4/3/2019,10:00p,MEM,89,POR,116,0,19608
1175,4/3/2019,10:30p,HOU,135,LAC,103,0,17593
1176,4/4/2019,8:00p,MIL,128,PHI,122,0,20701
1177,4/4/2019,10:00p,CLE,104,SAC,117,0,17583
1178,4/4/2019,10:30p,GSW,108,LAL,90,0,18997
1179,4/5/2019,7:00p,TOR,111,CHA,113,0,18684
1180,4/5/2019,7:00p,ATL,113,ORL,149,0,18999
1181,4/5/2019,7:00p,SAS,129,WAS,112,0,20409
1182,4/5/2019,8:00p,NYK,96,HOU,120,0,18055
1183,4/5/2019,8:00p,BOS,117,IND,97,0,17371
1184,4/5/2019,8:00p,MIA,109,MIN,111,0,17763
1185,4/5/2019,8:00p,DET,110,OKC,123,0,18203
1186,4/5/2019,8:30p,MEM,122,DAL,112,0,20111
1187,4/5/2019,9:00p,SAC,98,UTA,119,0,18306
1188,4/5/2019,10:00p,NOP,126,PHX,133,1,16410
1189,4/5/2019,10:30p,POR,110,DEN,119,0,19928
1190,4/5/2019,10:30p,CLE,114,GSW,120,0,19596
1191,4/5/2019,10:30p,LAL,122,LAC,117,0,17910
1192,4/6/2019,5:00p,BKN,133,MIL,128,0,18116
1193,4/6/2019,8:00p,PHI,116,CHI,96,0,21059
1194,4/7/2019,12:00p,MIA,109,TOR,117,1,19800
1195,4/7/2019,3:00p,SAS,112,CLE,90,0,19432
1196,4/7/2019,3:30p,OKC,132,MIN,126,0,18978
1197,4/7/2019,4:00p,CHA,104,DET,91,0,19871
1198,4/7/2019,5:00p,BKN,108,IND,96,0,16197
1199,4/7/2019,6:00p,DAL,129,MEM,127,1,16744
1200,4/7/2019,7:00p,PHX,113,HOU,149,0,18055
1201,4/7/2019,7:00p,ATL,107,MIL,115,0,17775
1202,4/7/2019,7:30p,ORL,116,BOS,108,0,18624
1203,4/7/2019,7:30p,WAS,110,NYK,113,0,19812
1204,4/7/2019,8:30p,LAC,104,GSW,131,0,19596
1205,4/7/2019,9:00p,DEN,108,POR,115,0,19890
1206,4/7/2019,9:00p,NOP,133,SAC,129,0,17583
1207,4/7/2019,9:30p,UTA,109,LAL,113,0,18997
1208,4/9/2019,7:00p,CHA,124,CLE,97,0,19432
1209,4/9/2019,7:00p,MEM,93,DET,100,0,19802
1210,4/9/2019,7:00p,BOS,116,WAS,110,0,20409
1211,4/9/2019,7:30p,PHI,99,MIA,122,0,20153
1212,4/9/2019,8:00p,NYK,96,CHI,86,0,21350
1213,4/9/2019,8:00p,TOR,120,MIN,100,0,16119
1214,4/9/2019,8:00p,GSW,112,NOP,103,0,17090
1215,4/9/2019,8:30p,PHX,109,DAL,120,0,21041
1216,4/9/2019,9:00p,DEN,108,UTA,118,0,18306
1217,4/9/2019,9:30p,HOU,111,OKC,112,0,18203
1218,4/9/2019,10:30p,POR,104,LAL,101,0,18997
1219,4/10/2019,8:00p,IND,135,ATL,134,0,17143
1220,4/10/2019,8:00p,MIA,94,BKN,113,0,17732
1221,4/10/2019,8:00p,ORL,122,CHA,114,0,17719
1222,4/10/2019,8:00p,GSW,117,MEM,132,0,17794
1223,4/10/2019,8:00p,OKC,127,MIL,116,0,18082
1224,4/10/2019,8:00p,DET,115,NYK,89,0,19812
1225,4/10/2019,8:00p,CHI,109,PHI,125,0,20197
1226,4/10/2019,8:00p,DAL,94,SAS,105,0,18629
1227,4/10/2019,10:30p,MIN,95,DEN,99,0,16332
1228,4/10/2019,10:30p,UTA,137,LAC,143,1,17655
1229,4/10/2019,10:30p,SAC,131,POR,136,0,19814
1230,4/13/2019,2:30p,BKN,111,PHI,102,0,20437
1231,4/13/2019,5:00p,ORL,104,TOR,101,0,19937
1232,4/13/2019,8:00p,LAC,104,GSW,121,0,19596
1233,4/13/2019,10:30p,SAS,101,DEN,96,0,19520
1234,4/14/2019,1:00p,IND,74,BOS,84,0,18624
1235,4/14/2019,3:30p,OKC,99,POR,104,0,19886
1236,4/14/2019,7:00p,DET,86,MIL,121,0,17529
1237,4/14/2019,9:30p,UTA,90,HOU,122,0,18055
1238,4/15/2019,8:00p,BKN,123,PHI,145,0,20591
1239,4/15/2019,10:30p,LAC,135,GSW,131,0,19596
1240,4/16/2019,8:00p,ORL,82,TOR,111,0,19964
1241,4/16/2019,9:00p,SAS,105,DEN,114,0,19520
1242,4/16/2019,10:30p,OKC,94,POR,114,0,20041
1243,4/17/2019,7:00p,IND,91,BOS,99,0,18624
1244,4/17/2019,8:00p,DET,99,MIL,120,0,17513
1245,4/17/2019,9:30p,UTA,98,HOU,118,0,18055
1246,4/18/2019,8:00p,PHI,131,BKN,115,0,17732
1247,4/18/2019,9:00p,DEN,108,SAS,118,0,18354
1248,4/18/2019,10:30p,GSW,132,LAC,105,0,19068
1249,4/19/2019,7:00p,TOR,98,ORL,93,0,19367
1250,4/19/2019,8:30p,BOS,104,IND,96,0,17923
1251,4/19/2019,9:30p,POR,108,OKC,120,0,18203
1252,4/20/2019,3:00p,PHI,112,BKN,108,0,17732
1253,4/20/2019,5:30p,DEN,117,SAS,103,0,18354
1254,4/20/2019,8:00p,MIL,119,DET,103,0,20520
1255,4/20/2019,10:30p,HOU,104,UTA,101,0,18306
1256,4/21/2019,1:00p,BOS,110,IND,106,0,17923
1257,4/21/2019,3:30p,GSW,113,LAC,105,0,19068
1258,4/21/2019,7:00p,TOR,107,ORL,85,0,19087
1259,4/21/2019,9:30p,POR,111,OKC,98,0,18203
1260,4/22/2019,8:00p,MIL,127,DET,104,0,20332
1261,4/22/2019,10:30p,HOU,91,UTA,107,0,18306
1262,4/23/2019,7:00p,ORL,96,TOR,115,0,19800
1263,4/23/2019,8:00p,BKN,100,PHI,122,0,20595
1264,4/23/2019,9:30p,SAS,90,DEN,108,0,19520
1265,4/23/2019,10:30p,OKC,115,POR,118,0,20241
1266,4/24/2019,8:00p,UTA,93,HOU,100,0,18055
1267,4/24/2019,10:30p,LAC,129,GSW,121,0,19596
1268,4/25/2019,8:00p,DEN,103,SAS,120,0,18354
1269,4/26/2019,10:00p,GSW,129,LAC,110,0,19068
1270,4/27/2019,7:30p,PHI,95,TOR,108,0,19800
1271,4/27/2019,10:00p,SAS,86,DEN,90,0,19725
1272,4/28/2019,1:00p,BOS,112,MIL,90,0,17561
1273,4/28/2019,3:30p,HOU,100,GSW,104,0,19596
1274,4/29/2019,8:00p,PHI,94,TOR,89,0,19800
1275,4/29/2019,10:30p,POR,113,DEN,121,0,19520
1276,4/30/2019,8:00p,BOS,102,MIL,123,0,17536
1277,4/30/2019,10:30p,HOU,109,GSW,115,0,19596
1278,5/1/2019,9:00p,POR,97,DEN,90,0,19520
1279,5/2/2019,8:00p,TOR,95,PHI,116,0,20658
1280,5/3/2019,8:00p,MIL,123,BOS,116,0,18624
1281,5/3/2019,10:30p,DEN,137,POR,140,4,20193
1282,5/4/2019,8:30p,GSW,121,HOU,126,1,18169
1283,5/5/2019,3:30p,TOR,101,PHI,96,0,20639
1284,5/5/2019,7:00p,DEN,116,POR,112,0,20146
1285,5/6/2019,7:00p,MIL,113,BOS,101,0,18624
1286,5/6/2019,9:30p,GSW,108,HOU,112,0,18055
1287,5/7/2019,8:00p,PHI,89,TOR,125,0,20287
1288,5/7/2019,10:30p,POR,98,DEN,124,0,19520
1289,5/8/2019,8:00p,BOS,91,MIL,116,0,17701
1290,5/8/2019,10:30p,HOU,99,GSW,104,0,19596
1291,5/9/2019,8:00p,TOR,101,PHI,112,0,20525
1292,5/9/2019,10:30p,DEN,108,POR,119,0,20022
1293,5/10/2019,9:00p,GSW,118,HOU,113,0,18055
1294,5/12/2019,3:30p,POR,100,DEN,96,0,19725
1295,5/12/2019,7:00p,PHI,90,TOR,92,0,20917
1296,5/14/2019,9:00p,POR,94,GSW,116,0,19596
1297,5/15/2019,8:30p,TOR,100,MIL,108,0,17345
1298,5/16/2019,9:00p,POR,111,GSW,114,0,19596
1299,5/17/2019,8:30p,TOR,103,MIL,125,0,17570
1300,5/18/2019,9:00p,GSW,110,POR,99,0,20214
1301,5/19/2019,7:00p,MIL,112,TOR,118,2,19923
1302,5/20/2019,9:00p,GSW,119,POR,117,1,20064
1303,5/21/2019,8:30p,MIL,102,TOR,120,0,20237
1304,5/23/2019,8:30p,TOR,105,MIL,99,0,17384
1305,5/25/2019,8:30p,MIL,94,TOR,100,0,20478
1306,5/30/2019,9:00p,GSW,109,TOR,118,0,19983
1307,6/2/2019,8:00p,GSW,109,TOR,104,0,20014
1308,6/5/2019,9:00p,TOR,123,GSW,109,0,19596
1309,6/7/2019,9:00p,TOR,105,GSW,92,0,19596
1310,6/10/2019,9:00p,GSW,106,TOR,105,0,20144
1311,6/13/2019,9:00p,TOR,114,GSW,110,0,19596
